DATA;PDV; FANTASIA ;MODALIDADE;POPULAR;CDC;APROVADAS;NEGADAS;RESTRICOES;PENDENTE;CANCELADAS;PRÉ CADASTRO;TOTAL
03/06/2025;93489; CELULARES ;CDC;0;R$ 0,00;0;0;1;0;0;0;1
04/06/2025;93513; SUPERMERCADO BAHIA - CENTRO ;POPULAR;0;R$ 0,00;0;0;0;0;0;0;0
06/01/2025;88294; SHOW DE NOVIDADES ;CDC;0;R$ 5.563,71;3;22;9;0;0;0;34
13/01/2025;88499; SAO JOSE- FILIAL 2 ;CDC;0;R$ 0,00;0;0;0;0;0;0;0
15/01/2025;88589; RICARDO APPLE ;CDC;0;R$ 4.174,77;2;3;4;0;0;3;12
20/01/2025;88670; KAIROS PECAS E MOTORES ;CDC;0;R$ 10.518,09;1;0;1;0;0;1;3
20/01/2025;88676; CELUTEC STORE ;CDC;0;R$ 0,00;0;0;0;0;0;0;0
29/01/2025;88896; CONTINENTAL ACESSORIOS ELETRONICOS VARIEDADES ;CDC;0;R$ 0,00;0;1;1;0;0;0;2
26/02/2025;89623; MPCELL ;CDC;0;R$ 0,00;0;0;0;0;0;0;0
01/04/2025;90446; BOB CELL ;CDC;0;R$ 0,00;0;0;0;0;0;0;0
02/04/2025;90504; DA HORA MOVEIS ;CDC;0;R$ 0,00;0;0;0;0;0;0;0
05/05/2025;92625; DANIEL RAMOS CELULARES ;CDC;0;R$ 0,00;0;0;0;0;0;0;0
05/05/2025;92634; ARIAUTO PECAS ;CDC;0;R$ 0,00;0;0;0;0;0;0;0
06/05/2025;92665; CENTRAL INFORMATICA - CENTRO ;CDC;0;R$ 0,00;0;1;0;0;0;0;1
07/05/2025;92698; RONECELL ;CDC;0;R$ 0,00;0;1;0;0;0;0;1
15/05/2025;92937; FC SMART ;CDC;0;R$ 2.234,43;1;4;6;0;0;3;14
19/05/2025;92988; SOS CELULARES - COROMANDEL ;CDC;0;R$ 0,00;0;0;0;0;0;0;0
23/05/2025;93127; CONEXAO CELULARES & ACESSORIOS ;CDC;0;R$ 0,00;0;0;0;0;0;0;0
04/01/2024;75696; MEGACEL CELULARES E ACESSORIOS ;CDC;0;R$ 4.467,37;2;0;1;0;0;2;5
04/01/2024;75697; OFICINA DO CELULAR - PR ;CDC;0;R$ 0,00;0;0;0;0;0;0;0
05/01/2024;75715; MAXCELL - PR ;CDC;0;R$ 11.991,97;3;6;9;0;0;0;18
08/01/2024;75754; LUA DOIS SEX SHOP ;POPULAR;0;R$ 0,00;0;0;0;0;0;0;0
18/01/2024;75943; MANOEL MAGAZINE ;CDC;0;R$ 0,00;0;0;0;0;0;0;0
19/01/2024;76013; THIAGO ACESSORIOS ELETRONICOS E CELULAR ;CDC;0;R$ 0,00;0;0;0;0;0;0;0
25/01/2024;76170; MULTI DROGAS ;POPULAR;0;R$ 0,00;0;0;0;0;0;0;0
26/01/2024;76201; HAJA IMPORTS ;CDC;0;R$ 0,00;0;0;0;0;0;0;0
26/01/2024;76153; RAFA OTT MATERIAIS DE CONSTRUCAO ;CDC;0;R$ 0,00;0;0;0;0;0;0;0
30/01/2024;76283; LUX ELETRONICOS ;CDC;0;R$ 2.979,25;2;3;2;0;1;0;8
01/02/2024;76334; MSC SOFT ;CDC;0;R$ 2.863,02;2;1;1;0;0;0;4
01/02/2024;76346; NOVA CELL - SP ;CDC;0;R$ 0,00;0;0;0;0;0;0;0
01/02/2024;76361; TELENEW CELULARES E ACESSORIOS ;CDC;0;R$ 0,00;0;0;0;0;0;0;0
02/02/2024;76375; SUBTIL FERRAMENTAS ;CDC;0;R$ 0,00;0;0;0;0;0;0;0
02/02/2024;76380; MASTER CELL JA ;CDC;0;R$ 0,00;0;0;0;0;0;0;0
02/02/2024;76383; PCELL ;CDC;0;R$ 0,00;0;0;0;0;0;0;0
05/02/2024;76424; SUPER MARTINS ;POPULAR;0;R$ 0,00;0;0;0;0;0;0;0
06/02/2024;76367; SHOPCELL - SP ;CDC;0;R$ 0,00;0;0;0;0;0;0;0
06/02/2024;76452; BICICLETARIA CAETE ;CDC;0;R$ 4.397,43;1;1;4;0;0;0;6
06/02/2024;76454; MULTICOMERCIAL ;CDC;0;R$ 0,00;0;0;0;0;0;0;0
07/02/2024;76492; SUPER VAREJAO E MERCEARIA SABORES ;POPULAR;0;R$ 0,00;0;0;0;0;0;0;0
08/02/2024;76553; MARANHAO MOTOS ;CDC;0;R$ 0,00;0;0;0;0;0;0;0
08/02/2024;76526; COMERCIAL COMPRE BEM ;POPULAR;0;R$ 0,00;0;0;1;0;0;0;1
08/02/2024;76523; SUPER MIX SUPERMERCADO ;POPULAR;0;R$ 0,00;0;0;0;0;0;0;0
14/02/2024;76686; CELESTE VARIEDADES ;CDC;0;R$ 0,00;0;0;0;0;0;0;0
15/02/2024;76703; LUXURIA MOTO PEÇAS ;CDC;0;R$ 0,00;0;0;0;0;0;0;0
16/02/2024;76733; JUNIOR ELETROS ;CDC;0;R$ 0,00;0;3;2;0;0;0;5
16/02/2024;76738; PEDONE MOVEIS E ELETROS DOMESTICO ;CDC;0;R$ 0,00;0;0;0;0;0;0;0
22/02/2024;76899; CASA SAO PEDRO ;CDC;0;R$ 0,00;0;0;0;0;0;0;0
23/02/2024;76909; MOVEIS CURIUVA ;CDC;0;R$ 0,00;0;0;0;0;0;0;0
23/02/2024;76929; VILLAS BOAS ;POPULAR;0;R$ 0,00;0;0;0;0;0;0;0
26/02/2024;76954; TK INFORMATICA ;CDC;0;R$ 0,00;0;0;0;0;0;0;0
27/02/2024;76980; SOS CELULARES ;CDC;0;R$ 0,00;0;0;0;0;0;0;0
27/02/2024;77004; RAIFF ACESSORIOS ;CDC;0;R$ 7.183,88;3;12;21;0;0;11;47
27/02/2024;77003; SERRALHERIA NOVA GERACAO ;CDC;0;R$ 0,00;0;0;0;0;0;0;0
28/02/2024;77029; DJ MOTOS - SAPOPEMA ;CDC;0;R$ 0,00;0;0;0;0;0;0;0
29/02/2024;77073; TAQUARI BIKE SHOP ;CDC;0;R$ 0,00;0;0;0;0;0;0;0
29/02/2024;77074; CELULAR PONTO COM ;CDC;0;R$ 0,00;0;0;0;0;0;0;0
01/03/2024;77097; CASA FORTE - SAO JERONIMO DA SERRA ;CDC;0;R$ 0,00;0;0;0;0;0;0;0
01/03/2024;77113; SUPERMERCADO SAO PEDRO - SAPOPEMA ;POPULAR;0;R$ 0,00;0;0;0;0;0;0;0
04/03/2024;76881; SILVERIO ;CDC;0;R$ 0,00;0;0;0;0;0;0;0
04/03/2024;77118; CASA FORTE - NOVA SANTA BARBARA ;CDC;0;R$ 0,00;0;0;0;0;0;0;0
05/03/2024;77157; ASTRAL ELETROMOVEIS ;CDC;0;R$ 0,00;0;0;0;0;0;0;0
05/03/2024;77158; ASTRAL ELETROMOVEIS - SAPOPEMA ;CDC;0;R$ 0,00;0;1;0;0;0;0;1
06/03/2024;77204; MOVEIS DOCE LAR ;CDC;0;R$ 0,00;0;0;0;0;0;0;0
07/03/2024;77241; SUPERMERCADO CENTRAL - SAPOMEMA ;POPULAR;0;R$ 0,00;0;0;0;0;0;0;0
15/03/2024;77442; CONEXAO ACESSORIOS ;CDC;0;R$ 0,00;0;0;0;0;0;0;0
18/03/2024;77467; CISSA ELETRO INFO ;CDC;0;R$ 0,00;0;0;0;0;0;0;0
19/03/2024;77496; MAQ SERRA ;CDC;0;R$ 0,00;0;0;0;0;0;0;0
19/03/2024;77502; SELFCELL ;CDC;0;R$ 0,00;0;0;0;0;0;0;0
21/03/2024;77547; MIDIA CELL ;CDC;0;R$ 0,00;0;0;0;0;0;0;0
22/03/2024;77590; OFICINA DO CELULAR - TELEMACO BORBA ;CDC;0;R$ 0,00;0;0;0;0;0;0;0
25/03/2024;77608; SUPERMERCADO TILAPIA ;POPULAR;0;R$ 0,00;0;0;0;0;0;0;0
25/03/2024;77610; NENO CELULARES ;CDC;0;R$ 0,00;0;0;0;0;0;0;0
25/03/2024;77636; KING CASE ;CDC;0;R$ 5.307,62;1;16;12;0;0;8;37
26/03/2024;77660; MCELL - CENTRO ;CDC;0;R$ 0,00;0;0;0;0;0;0;0
27/03/2024;77696; XIAOMI STORE - VILA ATHAIDE ;CDC;0;R$ 0,00;0;0;0;0;0;0;0
27/03/2024;77711; MASTERTECH ;CDC;0;R$ 0,00;0;3;7;0;0;1;11
27/03/2024;77715; NEXCELL ;CDC;0;R$ 0,00;0;0;0;0;0;0;0
28/03/2024;77726; MERCADO RAIZER - JARDIM ITALIA ;POPULAR;0;R$ 0,00;0;0;0;0;0;0;0
28/03/2024;77751; MERCADO RAIZER ;POPULAR;0;R$ 0,00;0;0;0;0;0;0;0
28/03/2024;77761; CELL COM ;CDC;0;R$ 1.427,25;1;1;1;0;0;0;3
01/04/2024;77791; MERCADO SILVA - JARDIM ALEGRE ;POPULAR;0;R$ 0,00;0;0;0;0;0;0;0
01/04/2024;77800; LOJA MULTI GIOVANE MOVEIS ;CDC;0;R$ 0,00;0;0;0;0;0;0;0
08/04/2024;77928; MARCELO ASSISTENCIA TECNICA ;CDC;0;R$ 0,00;0;0;0;0;0;0;0
09/04/2024;77971; MANU PRESENTES - TELEMACO BORBA ;POPULAR;0;R$ 0,00;0;0;0;0;0;0;0
10/04/2024;77999; LOJA VEM QUE TEM ;POPULAR;0;R$ 0,00;0;0;0;0;0;0;0
10/04/2024;78003; DENTALCLIN ;CDC;0;R$ 0,00;0;0;0;0;0;0;0
10/04/2024;78008; DCOR MOVEIS ;CDC;0;R$ 0,00;0;0;0;0;0;0;0
11/04/2024;78032; RBTEC ;CDC;0;R$ 0,00;0;0;0;0;0;0;0
15/04/2024;78090; CENTER CELL ;CDC;0;R$ 0,00;0;0;0;0;0;0;0
17/04/2024;78165; KLAUDYO CELULARES ;CDC;0;R$ 0,00;0;0;0;0;0;0;0
19/04/2024;78252; TANAZIOS MATERIAIS PARA CONSTRUÇÃO ;CDC;0;R$ 0,00;0;0;0;0;0;0;0
23/04/2024;78320; ISHI CELL ;CDC;0;R$ 0,00;0;0;0;0;0;0;0
24/04/2024;78357; CASA BRASIL ;CDC;0;R$ 0,00;0;0;0;0;0;0;0
26/04/2024;78424; BLESS CELULARES ;CDC;0;R$ 0,00;0;0;0;0;0;0;0
26/04/2024;78446; MICROPALM INFORMATICA ;CDC;0;R$ 0,00;0;0;0;0;0;0;0
30/04/2024;78524; BELO LAR - CARAMBEI ;CDC;0;R$ 0,00;0;0;0;0;0;0;0
03/05/2024;78582; RODRIGO ELETRO - SERRA NEGRA ;CDC;0;R$ 0,00;0;0;0;0;0;0;0
06/05/2024;78647; FARMA PRADO ;POPULAR;0;R$ 0,00;0;0;0;0;0;0;0
06/05/2024;78658; PANTCHO CELL ;CDC;0;R$ 0,00;0;0;0;0;0;0;0
13/05/2024;78813; HELIO MODAS ;POPULAR;0;R$ 0,00;0;0;0;0;0;0;0
13/05/2024;78817; FERNANDO CONSTRUCOES ;CDC;0;R$ 0,00;0;0;0;0;0;0;0
14/05/2024;78831; SUPERMERCADO NAVEGANTES ;POPULAR;0;R$ 0,00;0;0;0;0;0;0;0
15/05/2024;78965; EDUHCELL ;CDC;0;R$ 0,00;1;3;1;0;0;0;5
15/05/2024;78963; MATERIAIS PARA CONSTRUCAO COMPRE BEM ;CDC;0;R$ 0,00;0;0;0;0;0;0;0
16/05/2024;78985; INOVAR ELETRO ;CDC;0;R$ 0,00;0;0;0;0;0;0;0
21/05/2024;79088; SUPEMERCADO CARAJAS ;POPULAR;0;R$ 0,00;0;0;0;0;0;0;0
21/05/2024;79091; OTICA VISAO - MANOEL RIBAS ;CDC;0;R$ 0,00;0;0;0;0;0;0;0
21/05/2024;79102; MPCELL.COM ;CDC;0;R$ 0,00;0;0;0;0;0;0;0
21/05/2024;79111; SEV7N CELL ;CDC;0;R$ 0,00;0;0;0;0;0;0;0
22/05/2024;79143; ELETRO STORE ;CDC;0;R$ 0,00;0;0;1;0;0;1;2
27/05/2024;79215; PANCINI CELULARES ;CDC;0;R$ 3.838,61;0;2;3;0;0;2;7
31/05/2024;79315; H M G ELETRO ;CDC;0;R$ 0,00;0;0;0;0;0;0;0
04/06/2024;79354; ZAM BRASIL ;POPULAR;0;R$ 0,00;0;0;0;0;0;0;0
05/06/2024;79389; JHC ACESSORIOS ;CDC;0;R$ 0,00;0;0;0;0;0;0;0
05/06/2024;79390; F L CONSTRUCOES ;CDC;0;R$ 0,00;0;0;0;0;0;0;0
11/06/2024;79502; GORDINHO IMPORTS CELULARES E ACESSORIOS ;CDC;0;R$ 0,00;0;0;0;0;0;0;0
12/06/2024;79557; ARROBA CELULAR ;CDC;0;R$ 0,00;0;0;0;0;0;0;0
14/06/2024;82613; CREDIARIO FACILITA ;CDC;0;R$ 0,00;0;2;2;0;0;0;4
14/06/2024;82642; BRYAN AUTO CENTER ;CDC;0;R$ 0,00;0;0;0;0;0;0;0
17/06/2024;82673; SMART SENIOR ;CDC;0;R$ 0,00;0;4;4;0;0;0;8
18/06/2024;82695; LIDER CELULARES - ENTRONCAMENTO ;CDC;0;R$ 0,00;0;0;0;0;0;0;0
19/06/2024;82733; ANA LINK ;CDC;0;R$ 0,00;0;0;0;0;0;0;0
20/06/2024;82772; MARCELO CELULARES ;CDC;0;R$ 0,00;0;0;0;0;0;0;0
20/06/2024;82773; DROGARIA MEGAFARMA - CAPUAVA ;POPULAR;0;R$ 0,00;0;0;0;0;0;0;0
24/06/2024;82830; CRK CELULAR ;CDC;0;R$ 0,00;0;0;0;0;0;0;0
24/06/2024;82822; PONTO DA CARNE ;POPULAR;0;R$ 0,00;0;0;0;0;0;0;0
25/06/2024;82852; ASSUNCAO MOVEIS - MARABA ;CDC;0;R$ 2.783,18;1;3;9;0;0;1;14
26/06/2024;82874; LOJAS A CREDINORTE ;CDC;0;R$ 0,00;0;0;0;0;0;0;0
27/06/2024;82920; FENIX CELULARES - CENTRO ;CDC;0;R$ 0,00;0;0;0;0;0;0;0
27/06/2024;82936; OTICA NOVA IPIXUNA ;CDC;0;R$ 0,00;0;0;0;0;0;0;0
27/06/2024;82940; IMPACTO CELULARES ;CDC;0;R$ 0,00;0;0;0;0;0;0;0
28/06/2024;82946; POINT CELL - CENTRO ;CDC;0;R$ 1.816,50;1;0;1;0;0;1;3
28/06/2024;82960; TECK CELL ;CDC;0;R$ 0,00;0;0;0;0;0;0;0
01/07/2024;83026; COMPUTEC INFORMATICA ;CDC;0;R$ 0,00;0;0;0;0;0;0;0
01/07/2024;83002; COMERCIAL BORGES ;CDC;0;R$ 0,00;0;0;0;0;0;0;0
02/07/2024;83050; SMART CASES ;CDC;0;R$ 0,00;0;0;0;0;0;0;0
03/07/2024;83065; LYDER CELULARES ;CDC;0;R$ 0,00;0;1;0;0;0;0;1
03/07/2024;83080; HORIZON PLAY ;CDC;0;R$ 0,00;0;0;0;0;0;0;0
04/07/2024;83100; MUNDO DOS ELETRONICOS ;CDC;0;R$ 0,00;0;2;0;0;0;0;2
05/07/2024;83115; OTICA PREMIUM-IPIXUNA DO PARA ;CDC;0;R$ 0,00;0;0;0;0;0;0;0
08/07/2024;83151; V&V ELETRONICOS ;CDC;0;R$ 0,00;0;0;0;0;0;0;0
08/07/2024;83165; L&M PNEU CAR CENTRO AUTOMOTIVO ;CDC;0;R$ 0,00;0;0;0;0;0;0;0
09/07/2024;83171; SUPERMERCADO RAVANA ;POPULAR;0;R$ 0,00;0;0;0;0;0;0;0
09/07/2024;83177; R R CELULARES ;CDC;0;R$ 0,00;0;1;0;0;0;0;1
11/07/2024;83275; TENIS STYLE ;POPULAR;0;R$ 0,00;0;0;0;0;0;0;0
11/07/2024;83279; BELLA MODAS - ALVORADA ;POPULAR;0;R$ 0,00;0;0;0;0;0;0;0
11/07/2024;83289; ISSYS MAGAZINE ;CDC;0;R$ 0,00;0;0;0;0;0;0;0
12/07/2024;83303; COMERCIAL DO BICO ;POPULAR;0;R$ 0,00;0;0;0;0;0;0;0
15/07/2024;83329; SMART ROSS ;CDC;0;R$ 0,00;0;0;0;0;0;0;0
15/07/2024;83355; MACHADO MOVEIS ;CDC;0;R$ 0,00;0;0;0;0;0;0;0
15/07/2024;83356; MANGUEIRAO MATERIAL DE CONSTRUCAO ;CDC;0;R$ 0,00;0;0;0;0;0;0;0
16/07/2024;83419; S.O.S CELULARES, ACESSORIOS E ASSISTENCIA TECNICA ;CDC;0;R$ 0,00;0;0;0;0;0;0;0
16/07/2024;83420; MAXICOISAS ;CDC;0;R$ 0,00;0;0;0;0;0;0;0
18/07/2024;83460; RS BOOTS - FILIAL 2 ;POPULAR;0;R$ 0,00;0;0;0;0;0;0;0
18/07/2024;83469; RS BOOTS - MATRIZ ;POPULAR;0;R$ 0,00;0;0;0;0;0;0;0
23/07/2024;83544; CENTER FONE TELECOMUNICACOES ;CDC;0;R$ 0,00;0;0;0;0;0;0;0
26/07/2024;83633; NINJA DO IPHONE ;CDC;0;R$ 0,00;0;0;0;0;0;0;0
29/07/2024;83668; MOVEIS MIGUENS ;CDC;0;R$ 0,00;0;0;0;0;0;0;0
30/07/2024;83672; SONHO DE BEBE - CENTRO ;POPULAR;0;R$ 0,00;0;0;0;0;0;0;0
31/07/2024;83715; MAGAZINE LUIZ - CENTRO ;CDC;0;R$ 0,00;0;0;0;0;0;0;0
31/07/2024;83748; ELETROLAR - CENTRO ;CDC;0;R$ 0,00;0;0;0;0;0;0;0
12/08/2024;83938; NEGAO CONSTRUCOES E ACABAMENTOS ;CDC;0;R$ 0,00;0;0;0;0;0;0;0
12/08/2024;83944; MERCEARIA SAO SEBASTIAO ;POPULAR;0;R$ 0,00;0;0;0;0;0;0;0
13/08/2024;83963; NATHAN ELETRO ;CDC;0;R$ 0,00;0;0;0;0;0;0;0
14/08/2024;84001; GABRIEL CELULARES ;CDC;0;R$ 0,00;0;0;0;0;0;0;0
15/08/2024;84076; SUPORTE SMART - LUCAS DO RIO VERDE ;CDC;0;R$ 0,00;0;1;0;0;0;0;1
21/08/2024;84225; CASA DAS ANTENAS - VILA BARROSO ;CDC;0;R$ 0,00;0;0;0;0;0;0;0
22/08/2024;84230; POP CENTER POPULAR ;POPULAR;0;R$ 0,00;0;0;0;0;0;0;0
22/08/2024;84266; BIG BEM ;POPULAR;1;R$ 0,00;2;1;1;0;0;0;4
23/08/2024;84280; LULI MODAS ;POPULAR;0;R$ 0,00;0;0;0;0;0;0;0
27/08/2024;84321; BIG BEM MATERIAIS PARA CONSTRUCAO ;CDC;0;R$ 0,00;0;0;0;0;0;0;0
28/08/2024;84366; ANTONIO DAS BOLSAS ;CDC;0;R$ 0,00;0;0;0;0;0;0;0
03/09/2024;84506; SANTA LUCIA SMART ;CDC;0;R$ 0,00;0;0;0;0;0;0;0
12/09/2024;84742; MOURA MATERIAIS E ELETRICOS ;CDC;0;R$ 0,00;0;0;0;0;0;0;0
16/09/2024;84840; F.P.A IMPORTS ;CDC;0;R$ 0,00;0;0;0;0;0;0;0
17/09/2024;84862; A F IMPORTS ;CDC;0;R$ 0,00;0;0;0;0;0;0;0
17/09/2024;84864; LOJA BELO LAR ;CDC;0;R$ 0,00;0;0;0;0;0;1;1
17/09/2024;84866; FORTE FLEX ;CDC;0;R$ 0,00;0;0;0;0;0;0;0
20/09/2024;84930; HARMONIZE - CENTRO ;CDC;0;R$ 0,00;0;0;0;0;0;0;0
23/09/2024;84952; GAGUINHO CELULARES ;CDC;0;R$ 0,00;0;0;0;0;0;0;0
24/09/2024;84976; OTICAS LEVI ;CDC;0;R$ 0,00;0;0;0;0;0;0;0
25/09/2024;85026; ITALO CELULARES ;CDC;0;R$ 0,00;0;0;0;0;0;0;0
25/09/2024;85025; INFORCELL - CANOEIRO ;CDC;0;R$ 0,00;0;1;1;0;0;0;2
27/09/2024;85092; TALISON CELULARES ;CDC;0;R$ 5.158,66;5;21;16;0;1;5;48
08/10/2024;85299; CORUJAO INFORMATICA ;CDC;0;R$ 0,00;0;0;0;0;0;0;0
08/10/2024;85304; CONSTRUFEMA ;CDC;0;R$ 0,00;0;1;4;0;0;0;5
09/10/2024;85384; APPLE STORE ;CDC;0;R$ 0,00;0;0;0;0;0;0;0
18/10/2024;85627; JC CELULARES ;CDC;0;R$ 0,00;0;0;0;0;0;0;0
24/10/2024;85737; OZETECH ;CDC;0;R$ 0,00;0;1;1;0;0;0;2
25/10/2024;85799; RR IMPORTS ;CDC;0;R$ 1.459,83;1;6;8;0;0;3;18
28/10/2024;85811; DRIVE MASTER INFORMATICA ;CDC;0;R$ 0,00;0;0;0;0;0;0;0
29/10/2024;85860; ODONTOMAZ ;CDC;0;R$ 0,00;0;0;0;0;0;0;0
29/10/2024;85877; PRAKASA MOVEIS ;CDC;0;R$ 0,00;0;0;0;0;0;0;0
30/10/2024;85900; ELETROMOVEIS - ARAME ;CDC;0;R$ 0,00;0;0;0;0;0;0;0
30/10/2024;85903; LILICO ELETRO ;CDC;0;R$ 0,00;0;0;0;0;0;0;0
30/10/2024;85909; MOVEIS ARAUJO ;CDC;0;R$ 0,00;0;0;0;0;0;0;0
31/10/2024;86928; IDEAL INFORMATICA - MORAES ALMEIDA ;CDC;0;R$ 0,00;0;0;0;0;0;0;0
01/11/2024;86969; ELETRO JOIA ;CDC;0;R$ 0,00;0;0;0;0;0;0;0
01/11/2024;86977; NOVO HORIZONTE SUPERMERCADO ;POPULAR;0;R$ 0,00;0;0;0;0;0;0;0
05/11/2024;87028; TO LIGADO ;CDC;0;R$ 0,00;0;0;0;0;0;0;0
12/11/2024;87162; SPACE CELL ;CDC;0;R$ 0,00;0;0;0;0;0;1;1
27/11/2024;87452; THIAGUIM CELULARES ;CDC;0;R$ 0,00;0;0;0;0;0;0;0
28/11/2024;87465; OTICAS ZOURIA ;CDC;0;R$ 0,00;0;0;0;0;0;0;0
03/12/2024;87595; TERRITORIO MODA MASCULINA ;POPULAR;0;R$ 0,00;0;0;0;0;0;0;0
04/12/2024;87629; MR INFORMATICA ;CDC;0;R$ 0,00;0;0;0;0;0;0;0
05/12/2024;87661; MERCADO CIDADE ;POPULAR;0;R$ 0,00;3;0;1;0;0;0;4
06/12/2024;87702; SMART SHOP - CENTRO ;CDC;0;R$ 0,00;0;0;0;0;0;0;0
10/12/2024;87851; GR VARITECH ;CDC;0;R$ 0,00;0;0;0;0;0;0;0
11/12/2024;87864; CINDERELLA MODAS ;POPULAR;0;R$ 0,00;0;0;0;0;0;0;0
11/12/2024;87891; YR ANTENAS ;CDC;0;R$ 0,00;0;0;0;0;0;0;0
12/12/2024;87895; DEPOSITO CARRARO ;CDC;0;R$ 0,00;0;0;0;0;0;0;0
12/12/2024;87906; TECNOCELL - CASTELO DE SONHOS ;CDC;0;R$ 0,00;0;0;0;0;0;0;0
12/12/2024;87907; SMART MAN ;POPULAR;0;R$ 0,00;0;0;0;0;0;0;0
12/12/2024;87908; A NOSSA LOJA - CASTELO DE SONHOS ;POPULAR;0;R$ 0,00;0;0;0;0;0;0;0
13/12/2024;87942; MOVEIS DA FAMILIA ;CDC;0;R$ 0,00;0;0;0;0;0;0;0
13/12/2024;87949; AF IMPORTS ;CDC;0;R$ 0,00;0;0;0;0;0;0;0
16/12/2024;87978; RADICAL MOTOS - CASTELO DE SONHOS ;CDC;0;R$ 0,00;0;0;0;0;0;0;0
17/12/2024;87998; SUZANA MAGAZINE ;POPULAR;0;R$ 0,00;0;0;0;0;0;0;0
18/12/2024;88029; ODONTO B ;CDC;0;R$ 0,00;0;0;0;0;0;0;0
19/12/2024;88058; MERCADO CACHOEIRA ;POPULAR;0;R$ 0,00;0;0;0;0;0;0;0
26/12/2024;88180; BALAO MAGICO - CASTELO DE SONHOS ;POPULAR;0;R$ 0,00;0;0;0;0;0;0;0
16/01/2025;88625; RALLY MOTO PECAS ;CDC;0;R$ 0,00;0;0;0;0;0;0;0
22/01/2025;88730; TON MOTOS ;CDC;0;R$ 0,00;0;0;0;0;0;0;0
22/01/2025;88740; TELECELL - PARANAITA ;CDC;0;R$ 0,00;0;0;0;0;0;0;0
27/01/2025;88859; PRIMECELL - CARLINDA ;CDC;0;R$ 0,00;0;0;0;0;0;0;0
29/01/2025;88895; X-CELL ;CDC;0;R$ 0,00;0;0;0;0;0;0;0
30/01/2025;88922; CASTLE ;POPULAR;0;R$ 0,00;0;0;0;0;0;0;0
07/02/2025;89159; NOTE CELL ;CDC;0;R$ 0,00;0;0;0;0;0;0;0
10/02/2025;89195; VIDAL CELL ;CDC;0;R$ 0,00;0;0;0;0;0;0;0
12/02/2025;89228; LARANJA AMARELA ;POPULAR;0;R$ 0,00;0;0;0;0;0;0;0
12/02/2025;89257; MERCADO DO POVO - CENTRO ;POPULAR;0;R$ 0,00;0;0;0;0;0;0;0
13/02/2025;89298; OUZUSE ;POPULAR;0;R$ 0,00;0;0;0;0;0;0;0
19/02/2025;89412; TROQUE JA ;CDC;0;R$ 0,00;0;0;0;0;0;0;0
19/02/2025;89383; COMERCIAL GOIAS - FILIAL 3 ;POPULAR;0;R$ 0,00;0;0;0;0;0;0;0
20/02/2025;89426; COMERCIAL GOIAS- FILIAL 2 ;POPULAR;0;R$ 0,00;0;0;0;0;0;0;0
20/02/2025;89439; MEGA CAPAS- FILIAL 2 ;CDC;0;R$ 0,00;0;3;7;0;0;2;12
20/02/2025;89450; VITORIA MATERIAL PARA CONSTRUCAO ;CDC;0;R$ 0,00;0;0;0;0;0;0;0
24/02/2025;89495; MOLINARI ELETRO E CELULARES ;CDC;0;R$ 0,00;1;5;2;0;0;0;8
25/02/2025;89513; PETRONIO MOVEIS ;CDC;0;R$ 0,00;0;0;0;0;0;0;0
25/02/2025;89592; IMPERIAL STORE ;CDC;0;R$ 0,00;0;0;0;0;0;1;1
26/02/2025;89596; C7 SMART ;CDC;0;R$ 0,00;0;0;0;0;0;0;0
05/03/2025;89715; PLAY CELL - CENTRO ;CDC;0;R$ 0,00;0;0;0;0;0;0;0
14/03/2025;89971; COLCHOES LIDER ;CDC;0;R$ 0,00;0;0;0;0;0;0;0
18/03/2025;90039; CONEXAO TOTAL ;CDC;0;R$ 0,00;0;0;0;0;0;0;0
19/03/2025;90070; CONEXAO TOTAL - CENTRO ;CDC;0;R$ 0,00;0;3;0;0;0;1;4
19/03/2025;90082; R 7 CELULARES ;CDC;0;R$ 0,00;0;0;0;0;0;0;0
21/03/2025;90168; COMERCIAL BAHIA DE JESUS ;POPULAR;0;R$ 0,00;0;0;1;0;0;0;1
21/03/2025;90189; FOTOLANDIA ;CDC;0;R$ 0,00;0;0;1;0;0;0;1
24/03/2025;90208; ON LINE INFORMATICA ;CDC;0;R$ 0,00;0;0;0;0;0;0;0
24/03/2025;90217; MERCADAO DOS OCULOS - ARAPOTI ;CDC;0;R$ 0,00;0;0;0;0;0;0;0
25/03/2025;90228; DIGITAL CELULARES E INFORMATICA ;CDC;0;R$ 0,00;0;0;0;0;0;0;0
27/03/2025;90297; BOBATO MOVEIS E ELETRO ;CDC;0;R$ 0,00;0;4;2;0;0;0;6
27/03/2025;90284; MILLENNIUM IMPORTS ;CDC;0;R$ 0,00;0;0;0;0;0;0;0
28/03/2025;90317; SJ CELULARES ;CDC;0;R$ 2.387,27;1;1;1;0;0;1;4
01/04/2025;90441; TOP CELL - CENTRO ESPERA FELIZ ;CDC;0;R$ 0,00;0;0;0;0;0;0;0
07/04/2025;90881; FOCUS CELULARES ;CDC;0;R$ 2.627,78;2;1;2;0;0;2;7
08/04/2025;90963; TOPCELL - ISRAELANDIA ;CDC;0;R$ 0,00;0;0;0;0;0;0;0
11/04/2025;91103; DELTA CELULARES ;CDC;0;R$ 0,00;0;0;0;0;0;0;0
11/04/2025;91105; OTICAS VISOLUX ;CDC;0;R$ 0,00;0;0;0;0;0;0;0
11/04/2025;91106; OTICAS VISOLUX - CENTRO ;CDC;0;R$ 0,00;0;0;0;0;0;0;0
15/04/2025;91153; COMDENT ;CDC;0;R$ 0,00;0;0;0;0;0;0;0
16/04/2025;91409; LEMES COMERCIAL ;CDC;0;R$ 0,00;0;0;0;0;0;0;0
16/04/2025;91411; AMAZON CELL ;CDC;0;R$ 0,00;0;0;0;0;0;0;0
16/04/2025;91425; KAIROS PECAS E MOTORES - FILIAL 4 ;CDC;0;R$ 0,00;0;0;0;0;0;0;0
17/04/2025;91454; MOREIRA IMPORTS ;CDC;0;R$ 0,00;0;0;0;0;0;0;0
24/04/2025;91603; L. K CELL ;CDC;0;R$ 0,00;0;0;0;0;0;0;0
26/04/2025;91660; TACK CELL ;CDC;0;R$ 0,00;0;0;0;0;0;0;0
29/04/2025;92171; BRALUX ;CDC;0;R$ 0,00;0;0;0;0;0;0;0
30/04/2025;92598; JOHN CELL ;CDC;0;R$ 0,00;0;0;0;0;0;0;0
08/05/2025;92761; K M AUTO CENTER PECAS E SERVICOS ;CDC;0;R$ 0,00;0;0;1;0;0;0;1
08/05/2025;92764; BARATAO DO CELULAR ;CDC;0;R$ 0,00;0;3;3;0;0;0;6
14/05/2025;92885; PORTO CELULARES - CENTRO ;CDC;0;R$ 0,00;0;0;0;0;0;0;0
15/05/2025;92939; JM VARIEDADES ;CDC;0;R$ 0,00;0;0;0;0;0;0;0
16/05/2025;92953; MT STORY ;CDC;0;R$ 0,00;0;0;0;0;0;0;0
22/05/2025;93079; LOJA DA LAIS ;CDC;0;R$ 0,00;0;0;0;0;0;0;0
22/05/2025;93098; MAJAN MATERIAL PARA CONSTRUCAO ;CDC;0;R$ 0,00;0;0;0;0;0;0;0
27/05/2025;93296; JKM IMPORTS ;CDC;0;R$ 0,00;0;0;0;0;0;0;0
30/05/2025;93448; BET CELL ;CDC;0;R$ 966,03;1;0;0;0;0;1;2
03/06/2025;93496; L S CELULARES ;CDC;0;R$ 0,00;0;0;0;0;0;0;0
03/06/2025;93506; J CELL - CENTRO ;CDC;0;R$ 0,00;0;0;0;0;0;0;0
04/06/2025;93510; MAS AUDIO MUSICA & TECNOLOGIA ;CDC;0;R$ 0,00;0;0;0;0;0;1;1
06/06/2025;93570; MARCOS CELULARES ;CDC;0;R$ 0,00;0;0;0;0;0;0;0
06/06/2025;93590; DIGITAL.COM ;CDC;0;R$ 0,00;0;0;0;0;0;0;0
09/06/2025;93656; RR CELL ;CDC;0;R$ 2.403,08;1;3;1;0;0;0;5
10/06/2025;93830; ESPACO TECH - MIMOSO DO OESTE ;CDC;0;R$ 0,00;0;0;0;0;0;0;0
11/06/2025;94118; FEIRAO DOS MOVEIS - CENTRO ;CDC;0;R$ 0,00;0;0;0;0;0;0;0
13/06/2025;94227; VAL CELL ;CDC;0;R$ 0,00;0;0;0;0;0;0;0
13/06/2025;94250; MB BIKE ;CDC;0;R$ 0,00;0;0;1;0;0;0;1
16/06/2025;94279; CAROL BIKE ;CDC;0;R$ 4.085,04;2;2;1;0;0;5;10
17/06/2025;94298; JFC IMPORTS ;CDC;0;R$ 0,00;0;1;0;0;0;0;1
17/06/2025;94308; MULT TECH CELULARES ;CDC;0;R$ 0,00;0;1;0;0;0;0;1
18/06/2025;94329; CELL SHOP - RIO GRANDE ;CDC;0;R$ 0,00;0;0;0;0;0;0;0
20/06/2025;94363; DK IMPORTHS ;CDC;0;R$ 965,93;0;2;3;0;0;0;5
20/06/2025;94365; THIAGO CELULARES E CIA ;CDC;0;R$ 0,00;0;0;0;0;0;1;1
20/06/2025;94387; SO IPHONE ;CDC;0;R$ 0,00;0;0;0;0;0;0;0
23/06/2025;94391; MATEUS CELULARES - CAPANEMA ;CDC;0;R$ 0,00;0;1;0;0;0;0;1
24/06/2025;94421; 21 INFORMATICA ;CDC;0;R$ 0,00;0;0;0;0;0;0;0
25/06/2025;94471; ARTEZA IMPORTS ;CDC;0;R$ 0,00;0;4;1;0;0;1;6
25/06/2025;94475; ALEH IMPORTS ;CDC;0;R$ 0,00;0;0;0;0;0;0;0
26/06/2025;94504; CONSERTABIKE ;CDC;0;R$ 3.909,70;2;3;0;0;0;1;6
30/06/2025;94604; WT INFORMATICA ;CDC;0;R$ 0,00;0;0;0;0;0;0;0
30/06/2025;94612; W.A MUITO MAIS VARIEDADES ;CDC;0;R$ 0,00;0;0;0;0;0;0;0
01/07/2025;94627; VINICELL ;CDC;0;R$ 0,00;0;0;0;0;0;0;0
01/07/2025;94638; PRIMO IPHONE E INFORMATICA ;CDC;0;R$ 0,00;0;0;0;0;0;0;0
01/07/2025;94651; MANU CELL ;CDC;0;R$ 0,00;0;0;0;0;0;0;0
02/07/2025;94657; UNNI CELULARES ;CDC;0;R$ 0,00;0;0;0;0;0;0;0
07/07/2025;94749; NINJA CELL ;CDC;0;R$ 0,00;0;0;0;0;0;0;0
08/07/2025;94785; BIT CONNECT ;CDC;0;R$ 0,00;0;0;0;0;0;0;0
09/07/2025;94792; PH CELULARES ;CDC;0;R$ 0,00;0;0;0;0;0;0;0
11/07/2025;94873; IMPORTSCELL ;CDC;0;R$ 0,00;0;0;0;0;0;0;0
11/07/2025;94880; SUPER BIRA E UTILIDADES ;POPULAR;0;R$ 0,00;0;0;0;0;0;0;0
17/07/2025;95370; K TECH SOLUCOES EM INFORMATICA ;CDC;0;R$ 0,00;0;0;1;0;0;0;1
18/07/2025;95388; SORRIA MAIS XIQUE-XIQUE ;CDC;0;R$ 0,00;0;0;0;0;0;0;0
21/07/2025;95439; JB IMPORTS - NOVA ARAGUATINS ;CDC;0;R$ 0,00;0;0;0;0;0;0;0
21/07/2025;95440; MOBIZ CELULARES ;CDC;0;R$ 0,00;0;0;0;0;0;0;0
22/07/2025;95519; DJ CELL ;CDC;0;R$ 0,00;0;10;1;0;0;0;11
22/07/2025;95494; N SERVICE TECNOLOGIA ;CDC;0;R$ 0,00;0;2;1;0;0;0;3
24/07/2025;95603; POWER TECH ;CDC;0;R$ 0,00;0;0;0;0;0;0;0
24/07/2025;95605; EZATEC ;CDC;0;R$ 0,00;0;0;0;0;0;0;0
24/07/2025;95606; CARBONO CELL ;CDC;0;R$ 0,00;0;0;0;0;0;0;0
25/07/2025;95734; ALFA CELULAR ;CDC;0;R$ 0,00;0;1;0;0;0;0;1
25/07/2025;95737; TECH CELULARES ;CDC;0;R$ 2.148,55;1;4;2;0;0;0;7
28/07/2025;95777; VIAFONE - CLARO ;CDC;0;R$ 0,00;0;0;0;0;0;0;0
29/07/2025;95783; LOJA SINAI ;CDC;0;R$ 0,00;0;0;0;0;0;0;0
04/08/2025;95995; SHOPPING DO CELULAR - ABAETETUBA ;CDC;0;R$ 0,00;0;0;0;0;0;0;0
04/08/2025;95996; M-TEC CELULARES ;CDC;0;R$ 0,00;0;1;0;0;0;0;1
13/08/2025;96255; TETO FACIL ;CDC;0;R$ 0,00;0;0;0;0;0;0;0
14/08/2025;96371; VIVA CELL - PRIMAVERA DO LESTE ;CDC;0;R$ 0,00;0;0;0;0;0;0;0
14/08/2025;96393; RA STORE IMPORTS ;CDC;0;R$ 0,00;0;0;0;0;0;0;0
15/08/2025;96424; UP CELULARES ;CDC;0;R$ 0,00;0;0;0;0;0;0;0
15/08/2025;96409; CONSERTO LD ;CDC;0;R$ 0,00;0;0;0;0;0;0;0
19/08/2025;96657; CENTRAL DO CELULAR ;CDC;0;R$ 0,00;0;1;0;0;0;1;2
20/08/2025;96739; VALE DIGITAL ;CDC;0;R$ 0,00;0;0;0;0;0;0;0
21/08/2025;96748; FW ASSISTENCIA E ACESSORIOS ;CDC;0;R$ 0,00;0;0;0;0;0;0;0
22/08/2025;96823; TWISTER CELULAR ;CDC;0;R$ 0,00;0;0;2;0;0;1;3
27/08/2025;96908; SMARTCELL - PRIMAVERA DO LESTE ;CDC;0;R$ 0,00;0;0;0;0;0;0;0
27/08/2025;96915; OTICA HORUS ;CDC;0;R$ 0,00;0;0;0;0;0;0;0
27/08/2025;96918; IMPERIO DAS BICICLETAS - CENTRO ;CDC;0;R$ 0,00;0;2;2;0;0;0;4
27/08/2025;96929; MARISTA INFO ELETRO ;CDC;0;R$ 0,00;0;0;0;0;0;0;0
29/08/2025;97039; SUDARIO CELULARES ;CDC;0;R$ 0,00;0;0;0;0;0;0;0
29/08/2025;97148; CHAMPIONS SLEEP ;CDC;0;R$ 4.530,06;1;6;6;0;0;0;13
29/08/2025;97227; GUAJAJARAS ELETRO-MOVEIS ;CDC;0;R$ 0,00;0;0;0;0;0;0;0
29/08/2025;97665; TUDO PARA CELULARES - IPORA ;CDC;0;R$ 0,00;0;0;0;0;0;0;0
01/09/2025;97852; R L INFORMATICA ;CDC;0;R$ 0,00;0;0;0;0;0;0;0
02/09/2025;97968; ELETRO IMPORTS ;CDC;0;R$ 0,00;0;0;0;0;0;0;0
02/09/2025;97988; GLOBAL ELETRONICOS E ACESSORIOS ;CDC;0;R$ 0,00;0;0;0;0;0;0;0
03/09/2025;97997; BALACOBACO VARIEDADES ;CDC;0;R$ 7.738,62;4;1;4;0;0;1;10
04/09/2025;98068; TH APPLE ;CDC;0;R$ 0,00;0;6;6;0;0;2;14
08/09/2025;98268; MILENIUNS ;CDC;0;R$ 0,00;0;0;0;0;0;0;0
11/09/2025;98500; VIA CELL CELULARES ;CDC;0;R$ 0,00;0;0;0;0;0;0;0
11/09/2025;98502; DM ELETRONICOS ;CDC;0;R$ 0,00;0;0;0;0;0;0;0
12/09/2025;98531; WM NACIONAIS E IMPORTADOS ;CDC;0;R$ 0,00;0;0;1;0;0;0;1
17/09/2025;98888; PINHEIRO IMPORTS ;CDC;0;R$ 0,00;0;0;0;0;0;0;0
18/09/2025;98973; TOUCH CELL ;CDC;0;R$ 1.432,36;1;0;1;0;0;1;3
18/09/2025;98974; ZAZA IMPORTADOS ;CDC;0;R$ 0,00;0;1;1;0;0;0;2
19/09/2025;99006; L&V CELL ;CDC;0;R$ 0,00;0;0;0;0;0;0;0
23/09/2025;99112; ADMIRARE IMPORTADOS ;CDC;0;R$ 0,00;0;0;0;0;0;0;0
24/09/2025;99182; JJ ACESSORIOS ;CDC;0;R$ 5.096,98;1;22;19;0;0;11;53
24/09/2025;99170; SMARTPHONE - PATOS DE MINAS ;CDC;0;R$ 0,00;0;0;0;0;0;0;0
24/09/2025;99155; SOS CELULARES - CERQUEIRA CESAR ;CDC;0;R$ 0,00;0;0;0;0;0;0;0
25/09/2025;99191; JC CELULARES - SANTANA DO ARAGUAIA ;CDC;0;R$ 0,00;0;1;1;0;0;0;2
29/09/2025;99300; VALLE CELL IMPORTS ;CDC;0;R$ 2.320,82;2;5;3;0;0;0;10
30/09/2025;99338; RA CELULARES ;CDC;0;R$ 0,00;0;0;0;0;0;0;0
30/09/2025;99341; SA ACESSORIOS E UTILIDADES ;CDC;0;R$ 0,00;0;1;1;0;1;0;3
01/10/2025;99370; INOVA PRIME DISTRIBUIDORA ;CDC;0;R$ 2.016,07;1;8;6;0;0;2;17
02/10/2025;99416; ZERO CELL ;CDC;0;R$ 0,00;0;1;2;0;0;2;5
07/10/2025;99532; COMANDO IMPORTADOS ;CDC;0;R$ 0,00;0;0;0;0;0;0;0
08/10/2025;99573; UNI TELECOM ;CDC;0;R$ 0,00;0;0;0;0;0;0;0
08/10/2025;99598; GOMESCELL ;CDC;0;R$ 0,00;0;0;1;0;0;0;1
15/10/2025;99749; TIAGO CELULARES - SINOP ;CDC;0;R$ 0,00;0;0;0;0;0;0;0
16/10/2025;99803; MEGA MOTOS - ITAPIRA ;CDC;0;R$ 0,00;0;0;0;0;0;0;0
16/10/2025;99817; ITACELL ;CDC;0;R$ 0,00;0;1;0;0;0;0;1
24/10/2025;100003; MUNDO DO CELULAR - ITAITUBA ;CDC;0;R$ 0,00;0;1;1;0;0;1;3
24/10/2025;100006; APPLE PHONE ;CDC;0;R$ 2.880,24;0;0;0;0;0;0;0
29/10/2025;100143; MARANATA - SANTA VITORIA DO PALMAR ;POPULAR;0;R$ 301,85;2;2;3;0;1;0;8
30/10/2025;100183; CASA DO MOTOQUEIRO ;CDC;0;R$ 0,00;0;0;0;0;0;0;0
30/10/2025;100189; MULTIRENNOVA ;CDC;0;R$ 0,00;0;0;0;0;0;0;0
04/11/2025;100303; HOME STORE ;CDC;0;R$ 0,00;0;0;0;0;0;0;0
04/11/2025;100305; AYLA CELL ;CDC;0;R$ 0,00;0;0;0;0;0;0;0
05/11/2025;100351; FARMACIA PAGUE POUCO - ESTANCIA ;POPULAR;0;R$ 0,00;0;0;0;0;0;0;0
05/11/2025;100352; CFC J C ;CDC;0;R$ 0,00;0;0;0;0;0;0;0
18/11/2025;100802; IU CELULARES ;CDC;0;R$ 0,00;0;2;0;0;0;0;2
26/11/2025;101006; MASTER SHOP - SERRA DO RAMALHO ;CDC;0;R$ 0,00;1;12;10;0;0;4;27
28/11/2025;101107; ELETROMOVEIS MACEDO ;CDC;0;R$ 0,00;0;1;1;0;0;1;3
01/12/2025;101127; REINAN INFORMATICA E CELULARES ;CDC;0;R$ 0,00;0;4;2;0;0;0;6
01/12/2025;101128; PLANETA SMART ;CDC;0;R$ 0,00;0;0;0;0;0;0;0
02/12/2025;101153; G CELL ;CDC;0;R$ 0,00;0;1;1;0;0;0;2
03/12/2025;101220; ITEK CELULARES E ACESSORIOS ;CDC;0;R$ 0,00;0;1;0;0;0;0;1
04/12/2025;101256; GLOBAL ACESSORIOS PARA CELULAR ;CDC;0;R$ 0,00;1;2;5;0;1;2;11
05/12/2025;101307; DK MOTOS ;CDC;0;R$ 0,00;0;0;1;0;1;0;2
05/12/2025;101314; TEM TUDO CELULARES ;CDC;0;R$ 6.393,62;2;16;23;0;0;12;53
05/12/2025;101315; MODA LISS ;POPULAR;0;R$ 0,00;0;0;0;0;0;0;0
05/12/2025;101316; CONSTRUBEM MATERIAIS PARA CONSTRUCAO - CAMPO NOVO ;CDC;0;R$ 0,00;0;0;0;0;1;1;2
05/12/2025;101320; BAHIA VARIEDADES ;CDC;0;R$ 0,00;0;1;2;0;0;0;3
08/12/2025;101331; GS IMPORTS STORE ;CDC;0;R$ 0,00;0;1;0;0;0;0;1
09/12/2025;101381; SOS CELULARES - ESPIGAO D OESTE ;CDC;0;R$ 0,00;0;2;0;0;0;0;2
09/12/2025;101384; TEM TUDO CELULARES - TANGARA DA SERRA ;CDC;0;R$ 0,00;0;5;0;0;0;2;7
09/12/2025;101387; TEM TUDO CELULARES - JUARA ;CDC;0;R$ 0,00;0;0;0;0;0;0;0
10/12/2025;101407; MH CELL - SAO PAULO ;CDC;0;R$ 0,00;0;0;0;0;0;0;0
12/12/2025;101484; PIMENTA CELL ;CDC;0;R$ 0,00;0;1;11;0;0;1;13
18/12/2025;101607; BUENO STORE ;POPULAR;0;R$ 0,00;0;1;0;0;0;0;1
18/12/2025;101633; IMPORTS MULTIMARCAS - FILIAL 2 ;POPULAR;0;R$ 0,00;0;1;4;0;0;0;5
22/12/2025;101683; ELETROCELL - RONDONOPOLIS ;CDC;0;R$ 0,00;0;0;0;0;0;0;0
05/01/2026;101877;" ""+ CASE"" ";CDC;0;R$ 778,50;1;7;14;0;1;1;24
